{
  "Tamil Nadu": [
    "Ariyalur","Chengalpattu","Chennai","Coimbatore","Cuddalore",
    "Dharmapuri","Dindigul","Erode","Kallakurichi","Kanchipuram",
    "Karur","Krishnagiri","Madurai","Mayiladuthurai","Nagapattinam",
    "Namakkal","Nilgiris","Perambalur","Pudukkottai","Ramanathapuram",
    "Ranipet","Salem","Sivaganga","Tenkasi","Thanjavur","Theni",
    "Thoothukudi","Tiruchirappalli","Tirunelveli","Tirupattur",
    "Tiruppur","Tiruvallur","Tiruvannamalai","Tiruvarur",
    "Vellore","Viluppuram","Virudhunagar"
  ],
  "Kerala": [
    "Alappuzha","Ernakulam","Idukki","Kannur","Kasaragod","Kollam",
    "Kottayam","Kozhikode","Malappuram","Palakkad","Pathanamthitta",
    "Thiruvananthapuram","Thrissur","Wayanad"
  ]
}
